{"cameraMode":{"drawMode":0,"name":"Shaded","section":"Shading Mode"},"sceneLighting":true,"audioPlay":false,"sceneViewState":{"showFog":true,"showMaterialUpdate":false,"showSkybox":true,"showFlares":true,"showImageEffects":true,"showParticleSystems":true},"in2DMode":false,"pivot":{"x":0.283916711807251,"y":0.9623715877532959,"z":-4.8013386726379398},"rotation":{"x":0.09237482398748398,"y":-0.4243369400501251,"z":0.04356478154659271,"w":0.8997362852096558},"size":1.0295634269714356,"orthographic":false}