{"cameraMode":{"drawMode":0,"name":"Shaded","section":"Shading Mode"},"sceneLighting":true,"audioPlay":false,"sceneViewState":{"showFog":true,"showMaterialUpdate":false,"showSkybox":true,"showFlares":true,"showImageEffects":true,"showParticleSystems":true},"in2DMode":false,"pivot":{"x":-0.9835610389709473,"y":1.521594762802124,"z":1.3111538887023926},"rotation":{"x":0.12391065061092377,"y":-0.7212711572647095,"z":0.13370198011398316,"w":0.6682902574539185},"size":6.429867744445801,"orthographic":false}